albicans,alborufescens,amnicola,argyrophylla,atlantica,baumgratziana,brunnea,budlejoides,burchellii,castaneiflora,chrysophylla,cinerascens,cipoensis,corallina,cowanii,cubatanensis,cyathanthera,dichrophylla,discolor,dispar,fallax,fasciculata,ferruginata,flammea,formosa,heliotropoides,hyemalis,hypoleuca,lepidota,longispicata,lourteigiana,lymanii,macrothyrsa,macuxi,mayarae,mellina,multispicata,navioensis,octopetala,pepericarpa,petroniana,polyandra,pterocaulon,punctata,racemifera,robusta,rondoniensis,rufescens,ruficalyx,ruschiana,sclerophylla,serialis,setosociliata,shepherdii,stenostachya,tiliifolia,valtheri,willdenowii,suberosa,angelana,capixaba,dura,kollmannii,penduliflora,kriegeriana,secundiflora
1,NA,NA,NA,NA,NA,NA,NA,NA,NA,NA,NA,NA,NA,NA,NA,NA,NA,NA,NA,NA,NA,NA,NA,NA,NA,NA,NA,NA,NA,NA,NA,NA,NA,NA,NA,NA,NA,NA,NA,NA,NA,NA,NA,NA,NA,NA,NA,NA,NA,NA,NA,NA,NA,NA,NA,NA,NA,NA,NA,NA,NA,NA,NA,NA,NA
0.941179695798869,1,NA,NA,NA,NA,NA,NA,NA,NA,NA,NA,NA,NA,NA,NA,NA,NA,NA,NA,NA,NA,NA,NA,NA,NA,NA,NA,NA,NA,NA,NA,NA,NA,NA,NA,NA,NA,NA,NA,NA,NA,NA,NA,NA,NA,NA,NA,NA,NA,NA,NA,NA,NA,NA,NA,NA,NA,NA,NA,NA,NA,NA,NA,NA,NA
0.613310182776347,0.491438188398287,1,NA,NA,NA,NA,NA,NA,NA,NA,NA,NA,NA,NA,NA,NA,NA,NA,NA,NA,NA,NA,NA,NA,NA,NA,NA,NA,NA,NA,NA,NA,NA,NA,NA,NA,NA,NA,NA,NA,NA,NA,NA,NA,NA,NA,NA,NA,NA,NA,NA,NA,NA,NA,NA,NA,NA,NA,NA,NA,NA,NA,NA,NA,NA
0.827574833764026,0.801086980153008,0.78005322583753,1,NA,NA,NA,NA,NA,NA,NA,NA,NA,NA,NA,NA,NA,NA,NA,NA,NA,NA,NA,NA,NA,NA,NA,NA,NA,NA,NA,NA,NA,NA,NA,NA,NA,NA,NA,NA,NA,NA,NA,NA,NA,NA,NA,NA,NA,NA,NA,NA,NA,NA,NA,NA,NA,NA,NA,NA,NA,NA,NA,NA,NA,NA
0.505917179394341,0.36423183603362,0.353291183404164,0.250957066482303,1,NA,NA,NA,NA,NA,NA,NA,NA,NA,NA,NA,NA,NA,NA,NA,NA,NA,NA,NA,NA,NA,NA,NA,NA,NA,NA,NA,NA,NA,NA,NA,NA,NA,NA,NA,NA,NA,NA,NA,NA,NA,NA,NA,NA,NA,NA,NA,NA,NA,NA,NA,NA,NA,NA,NA,NA,NA,NA,NA,NA,NA
0.688944163866569,0.545729227989394,0.573838112996458,0.513873757475444,0.720121831397124,1,NA,NA,NA,NA,NA,NA,NA,NA,NA,NA,NA,NA,NA,NA,NA,NA,NA,NA,NA,NA,NA,NA,NA,NA,NA,NA,NA,NA,NA,NA,NA,NA,NA,NA,NA,NA,NA,NA,NA,NA,NA,NA,NA,NA,NA,NA,NA,NA,NA,NA,NA,NA,NA,NA,NA,NA,NA,NA,NA,NA
0.619140717468237,0.461509015915735,0.431609037265992,0.361601853067977,0.877347565884807,0.890028922726893,1,NA,NA,NA,NA,NA,NA,NA,NA,NA,NA,NA,NA,NA,NA,NA,NA,NA,NA,NA,NA,NA,NA,NA,NA,NA,NA,NA,NA,NA,NA,NA,NA,NA,NA,NA,NA,NA,NA,NA,NA,NA,NA,NA,NA,NA,NA,NA,NA,NA,NA,NA,NA,NA,NA,NA,NA,NA,NA,NA
0.603755070191897,0.433024038578026,0.393867239715096,0.305072688117706,0.903580044066618,0.825728189250491,0.928929269369298,1,NA,NA,NA,NA,NA,NA,NA,NA,NA,NA,NA,NA,NA,NA,NA,NA,NA,NA,NA,NA,NA,NA,NA,NA,NA,NA,NA,NA,NA,NA,NA,NA,NA,NA,NA,NA,NA,NA,NA,NA,NA,NA,NA,NA,NA,NA,NA,NA,NA,NA,NA,NA,NA,NA,NA,NA,NA,NA
0.719552684464093,0.783091410057162,0.232302749940606,0.42899013860408,0.228008100935853,0.434523541481226,0.374190929111451,0.366124001297795,1,NA,NA,NA,NA,NA,NA,NA,NA,NA,NA,NA,NA,NA,NA,NA,NA,NA,NA,NA,NA,NA,NA,NA,NA,NA,NA,NA,NA,NA,NA,NA,NA,NA,NA,NA,NA,NA,NA,NA,NA,NA,NA,NA,NA,NA,NA,NA,NA,NA,NA,NA,NA,NA,NA,NA,NA,NA
0.591889551401447,0.44905397427757,0.464153684864914,0.393983635516771,0.720531786616007,0.935213966720963,0.912811810165961,0.805313632103104,0.363176970622529,1,NA,NA,NA,NA,NA,NA,NA,NA,NA,NA,NA,NA,NA,NA,NA,NA,NA,NA,NA,NA,NA,NA,NA,NA,NA,NA,NA,NA,NA,NA,NA,NA,NA,NA,NA,NA,NA,NA,NA,NA,NA,NA,NA,NA,NA,NA,NA,NA,NA,NA,NA,NA,NA,NA,NA,NA
0.874751517025673,0.851930288701791,0.673237399574605,0.9353239100487,0.366006198223468,0.649262409090484,0.521555238082737,0.404275556896474,0.567959312913068,0.538220398020564,1,NA,NA,NA,NA,NA,NA,NA,NA,NA,NA,NA,NA,NA,NA,NA,NA,NA,NA,NA,NA,NA,NA,NA,NA,NA,NA,NA,NA,NA,NA,NA,NA,NA,NA,NA,NA,NA,NA,NA,NA,NA,NA,NA,NA,NA,NA,NA,NA,NA,NA,NA,NA,NA,NA,NA
0.459277688287513,0.26522746980696,0.40633392690776,0.227471454391591,0.749062813538927,0.764430021034706,0.823897913604378,0.867577259732942,0.232035071903459,0.699558920404533,0.301579654728527,NA,NA,NA,NA,NA,NA,NA,NA,NA,NA,NA,NA,NA,NA,NA,NA,NA,NA,NA,NA,NA,NA,NA,NA,NA,NA,NA,NA,NA,NA,NA,NA,NA,NA,NA,NA,NA,NA,NA,NA,NA,NA,NA,NA,NA,NA,NA,NA,NA,NA,NA,NA,NA,NA,NA
0.817882308712281,0.758303842980038,0.501163634865138,0.694755666468192,0.526617829498979,0.88507985853286,0.738441954145734,0.645166437349045,0.653301769405233,0.806836637149156,0.806775647688562,NA,NA,NA,NA,NA,NA,NA,NA,NA,NA,NA,NA,NA,NA,NA,NA,NA,NA,NA,NA,NA,NA,NA,NA,NA,NA,NA,NA,NA,NA,NA,NA,NA,NA,NA,NA,NA,NA,NA,NA,NA,NA,NA,NA,NA,NA,NA,NA,NA,NA,NA,NA,NA,NA,NA
0.61089912679516,0.547008336675183,0.288815042554443,0.326232458219508,0.629414672648178,0.762076338984519,0.838136698337879,0.718349721575912,0.51778273866802,0.830578699431228,0.493662590830387,NA,NA,NA,NA,NA,NA,NA,NA,NA,NA,NA,NA,NA,NA,NA,NA,NA,NA,NA,NA,NA,NA,NA,NA,NA,NA,NA,NA,NA,NA,NA,NA,NA,NA,NA,NA,NA,NA,NA,NA,NA,NA,NA,NA,NA,NA,NA,NA,NA,NA,NA,NA,NA,NA,NA
0.605754938689388,0.573809952034716,0.661131934638025,0.847459869303657,0.244578575617101,0.482854169040611,0.336327083408497,0.255561882673053,0.253170354134844,0.416576635281184,0.841261238326535,NA,NA,NA,NA,NA,NA,NA,NA,NA,NA,NA,NA,NA,NA,NA,NA,NA,NA,NA,NA,NA,NA,NA,NA,NA,NA,NA,NA,NA,NA,NA,NA,NA,NA,NA,NA,NA,NA,NA,NA,NA,NA,NA,NA,NA,NA,NA,NA,NA,NA,NA,NA,NA,NA,NA
0.767365374933674,0.658549748701295,0.457126492075125,0.438046539592204,0.704253276830918,0.868535492824707,0.887278192490496,0.876021210741052,0.643688534189692,0.832576848835752,0.574759310558052,NA,NA,NA,NA,NA,NA,NA,NA,NA,NA,NA,NA,NA,NA,NA,NA,NA,NA,NA,NA,NA,NA,NA,NA,NA,NA,NA,NA,NA,NA,NA,NA,NA,NA,NA,NA,NA,NA,NA,NA,NA,NA,NA,NA,NA,NA,NA,NA,NA,NA,NA,NA,NA,NA,NA
0.645871147384382,0.608780245507687,0.264830419276071,0.339288140075501,0.553018220058672,0.710446276418311,0.794527851517471,0.668559407410577,0.679809340844923,0.706313682668362,0.513182510767408,NA,NA,NA,NA,NA,NA,NA,NA,NA,NA,NA,NA,NA,NA,NA,NA,NA,NA,NA,NA,NA,NA,NA,NA,NA,NA,NA,NA,NA,NA,NA,NA,NA,NA,NA,NA,NA,NA,NA,NA,NA,NA,NA,NA,NA,NA,NA,NA,NA,NA,NA,NA,NA,NA,NA
0.725560666021046,0.694432088226785,0.83904557303756,0.922949616804335,0.35001374079831,0.570943821457221,0.436776784097004,0.346630832665565,0.357055676417416,0.530431932220141,0.904653996352327,NA,NA,NA,NA,NA,NA,NA,NA,NA,NA,NA,NA,NA,NA,NA,NA,NA,NA,NA,NA,NA,NA,NA,NA,NA,NA,NA,NA,NA,NA,NA,NA,NA,NA,NA,NA,NA,NA,NA,NA,NA,NA,NA,NA,NA,NA,NA,NA,NA,NA,NA,NA,NA,NA,NA
0.599666055360585,0.431478451963026,0.378007087836767,0.292927815476272,0.844616696694528,0.753311887185464,0.876139506484252,0.941220457847068,0.40387215475125,0.68192221168064,0.391437157709072,NA,NA,NA,NA,NA,NA,NA,NA,NA,NA,NA,NA,NA,NA,NA,NA,NA,NA,NA,NA,NA,NA,NA,NA,NA,NA,NA,NA,NA,NA,NA,NA,NA,NA,NA,NA,NA,NA,NA,NA,NA,NA,NA,NA,NA,NA,NA,NA,NA,NA,NA,NA,NA,NA,NA
0.773058657497804,0.754961490830513,0.717299671962821,0.901540880869053,0.287913426175847,0.610465819276039,0.437507235840348,0.309248366300943,0.467484395726987,0.495091158386314,0.946126230231219,NA,NA,NA,NA,NA,NA,NA,NA,NA,NA,NA,NA,NA,NA,NA,NA,NA,NA,NA,NA,NA,NA,NA,NA,NA,NA,NA,NA,NA,NA,NA,NA,NA,NA,NA,NA,NA,NA,NA,NA,NA,NA,NA,NA,NA,NA,NA,NA,NA,NA,NA,NA,NA,NA,NA
0.952049682069519,0.929990112841603,0.522671833523936,0.767284343036654,0.514419368999318,0.708544236264713,0.67056090459099,0.609205807988048,0.770732170045499,0.636777635608482,0.866467046571811,NA,NA,NA,NA,NA,NA,NA,NA,NA,NA,NA,NA,NA,NA,NA,NA,NA,NA,NA,NA,NA,NA,NA,NA,NA,NA,NA,NA,NA,NA,NA,NA,NA,NA,NA,NA,NA,NA,NA,NA,NA,NA,NA,NA,NA,NA,NA,NA,NA,NA,NA,NA,NA,NA,NA
0.467497429627188,0.292353525397421,0.374820179280134,0.227745658700917,0.905817993236585,0.746214659108457,0.895217791841789,0.945083780767118,0.229711768607777,0.760601101719147,0.326516764209557,NA,NA,NA,NA,NA,NA,NA,NA,NA,NA,NA,NA,NA,NA,NA,NA,NA,NA,NA,NA,NA,NA,NA,NA,NA,NA,NA,NA,NA,NA,NA,NA,NA,NA,NA,NA,NA,NA,NA,NA,NA,NA,NA,NA,NA,NA,NA,NA,NA,NA,NA,NA,NA,NA,NA
0.825180600111366,0.833241212561505,0.303314374067182,0.455568183479123,0.474658349471319,0.57610110513928,0.599558624976205,0.584858115556309,0.880587365534716,0.486181485094862,0.576966185402334,NA,NA,NA,NA,NA,NA,NA,NA,NA,NA,NA,NA,NA,NA,NA,NA,NA,NA,NA,NA,NA,NA,NA,NA,NA,NA,NA,NA,NA,NA,NA,NA,NA,NA,NA,NA,NA,NA,NA,NA,NA,NA,NA,NA,NA,NA,NA,NA,NA,NA,NA,NA,NA,NA,NA
0.801009294647912,0.701915031525605,0.488410010078349,0.470910286622452,0.703295474089734,0.856031250242259,0.872620662391209,0.871507399432282,0.657424991345538,0.783288019112004,0.60699017741365,NA,NA,NA,NA,NA,NA,NA,NA,NA,NA,NA,NA,NA,NA,NA,NA,NA,NA,NA,NA,NA,NA,NA,NA,NA,NA,NA,NA,NA,NA,NA,NA,NA,NA,NA,NA,NA,NA,NA,NA,NA,NA,NA,NA,NA,NA,NA,NA,NA,NA,NA,NA,NA,NA,NA
0.474060844404077,0.3117894603427,0.374702146544052,0.25609725819591,0.892783690945976,0.771869771951299,0.905043536308926,0.930147299058641,0.237488750577561,0.781963110281433,0.350778627921056,NA,NA,NA,NA,NA,NA,NA,NA,NA,NA,NA,NA,NA,NA,NA,NA,NA,NA,NA,NA,NA,NA,NA,NA,NA,NA,NA,NA,NA,NA,NA,NA,NA,NA,NA,NA,NA,NA,NA,NA,NA,NA,NA,NA,NA,NA,NA,NA,NA,NA,NA,NA,NA,NA,NA
0.857502853076648,0.879871936842669,0.366439268954696,0.63731420750021,0.414946876400499,0.643397792380238,0.598795813308516,0.479514454864873,0.835596874490309,0.57208808227894,0.809634172884951,NA,NA,NA,NA,NA,NA,NA,NA,NA,NA,NA,NA,NA,NA,NA,NA,NA,NA,NA,NA,NA,NA,NA,NA,NA,NA,NA,NA,NA,NA,NA,NA,NA,NA,NA,NA,NA,NA,NA,NA,NA,NA,NA,NA,NA,NA,NA,NA,NA,NA,NA,NA,NA,NA,NA
0.340243639773211,0.175777447192464,0.394019505684251,0.17446020887066,0.671599055126399,0.657043326814817,0.749393503599132,0.752596175125928,0.10800369156902,0.641219122363397,0.226514272417943,NA,NA,NA,NA,NA,NA,NA,NA,NA,NA,NA,NA,NA,NA,NA,NA,NA,NA,NA,NA,NA,NA,NA,NA,NA,NA,NA,NA,NA,NA,NA,NA,NA,NA,NA,NA,NA,NA,NA,NA,NA,NA,NA,NA,NA,NA,NA,NA,NA,NA,NA,NA,NA,NA,NA
0.840482556198372,0.745731884964296,0.47811503377792,0.698678182250016,0.406158978793239,0.479148916459243,0.420662979248854,0.498156281946083,0.528680432602575,0.34752898996715,0.690312535431006,NA,NA,NA,NA,NA,NA,NA,NA,NA,NA,NA,NA,NA,NA,NA,NA,NA,NA,NA,NA,NA,NA,NA,NA,NA,NA,NA,NA,NA,NA,NA,NA,NA,NA,NA,NA,NA,NA,NA,NA,NA,NA,NA,NA,NA,NA,NA,NA,NA,NA,NA,NA,NA,NA,NA
0.940310860610736,0.864008672302126,0.678421634784411,0.906885021956929,0.501862769665733,0.675138460016009,0.599470585994726,0.576218068337782,0.555531528836995,0.573588109129933,0.924896680368095,NA,NA,NA,NA,NA,NA,NA,NA,NA,NA,NA,NA,NA,NA,NA,NA,NA,NA,NA,NA,NA,NA,NA,NA,NA,NA,NA,NA,NA,NA,NA,NA,NA,NA,NA,NA,NA,NA,NA,NA,NA,NA,NA,NA,NA,NA,NA,NA,NA,NA,NA,NA,NA,NA,NA
0.725850354668133,0.690238470425498,0.776925216439039,0.917100445073929,0.259286338505457,0.524296640625767,0.363381857471334,0.30124921888112,0.366380070245581,0.425260537367004,0.911983984871101,NA,NA,NA,NA,NA,NA,NA,NA,NA,NA,NA,NA,NA,NA,NA,NA,NA,NA,NA,NA,NA,NA,NA,NA,NA,NA,NA,NA,NA,NA,NA,NA,NA,NA,NA,NA,NA,NA,NA,NA,NA,NA,NA,NA,NA,NA,NA,NA,NA,NA,NA,NA,NA,NA,NA
0.743462779672603,0.67814445413566,0.909678478411759,0.890701011970785,0.408265309418422,0.622106481531168,0.509756734788795,0.431284218347525,0.353583269320536,0.579830559866593,0.859033533338555,NA,NA,NA,NA,NA,NA,NA,NA,NA,NA,NA,NA,NA,NA,NA,NA,NA,NA,NA,NA,NA,NA,NA,NA,NA,NA,NA,NA,NA,NA,NA,NA,NA,NA,NA,NA,NA,NA,NA,NA,NA,NA,NA,NA,NA,NA,NA,NA,NA,NA,NA,NA,NA,NA,NA
0.343062399358091,0.198196547534451,0.310496253323167,0.192848909785435,0.698296454078075,0.621260748381398,0.773893568627362,0.726922986764096,0.139748824554505,0.7329343405194,0.260774078517854,NA,NA,NA,NA,NA,NA,NA,NA,NA,NA,NA,NA,NA,NA,NA,NA,NA,NA,NA,NA,NA,NA,NA,NA,NA,NA,NA,NA,NA,NA,NA,NA,NA,NA,NA,NA,NA,NA,NA,NA,NA,NA,NA,NA,NA,NA,NA,NA,NA,NA,NA,NA,NA,NA,NA
0.907778723729123,0.933036409842747,0.452176086304498,0.729501332636383,0.375014485185239,0.574613375052611,0.523161475728833,0.466429803140691,0.862313766092365,0.514617316321523,0.822034709844108,NA,NA,NA,NA,NA,NA,NA,NA,NA,NA,NA,NA,NA,NA,NA,NA,NA,NA,NA,NA,NA,NA,NA,NA,NA,NA,NA,NA,NA,NA,NA,NA,NA,NA,NA,NA,NA,NA,NA,NA,NA,NA,NA,NA,NA,NA,NA,NA,NA,NA,NA,NA,NA,NA,NA
0.535632725662734,0.577968961860997,0.612472526855808,0.849875529735532,0.0472670256061933,0.193313422926385,0.0793308357136685,0.0552213288806886,0.195155728715416,0.135255497144462,0.740836058693879,NA,NA,NA,NA,NA,NA,NA,NA,NA,NA,NA,NA,NA,NA,NA,NA,NA,NA,NA,NA,NA,NA,NA,NA,NA,NA,NA,NA,NA,NA,NA,NA,NA,NA,NA,NA,NA,NA,NA,NA,NA,NA,NA,NA,NA,NA,NA,NA,NA,NA,NA,NA,NA,NA,NA
0.751012741431256,0.734197840203545,0.647029747727371,0.939739723240413,0.165043869955411,0.42259965024004,0.281410766215318,0.191315886023823,0.412368537311301,0.332041001592723,0.93376537487482,NA,NA,NA,NA,NA,NA,NA,NA,NA,NA,NA,NA,NA,NA,NA,NA,NA,NA,NA,NA,NA,NA,NA,NA,NA,NA,NA,NA,NA,NA,NA,NA,NA,NA,NA,NA,NA,NA,NA,NA,NA,NA,NA,NA,NA,NA,NA,NA,NA,NA,NA,NA,NA,NA,NA
0.707068096254852,0.588674373617706,0.640806268671994,0.574287231772131,0.668350063012264,0.977308122668199,0.855876507076669,0.758916431991779,0.433957618405274,0.929908885716812,0.710752980552131,NA,NA,NA,NA,NA,NA,NA,NA,NA,NA,NA,NA,NA,NA,NA,NA,NA,NA,NA,NA,NA,NA,NA,NA,NA,NA,NA,NA,NA,NA,NA,NA,NA,NA,NA,NA,NA,NA,NA,NA,NA,NA,NA,NA,NA,NA,NA,NA,NA,NA,NA,NA,NA,NA,NA
0.856230100687677,0.815792475776854,0.786273404273799,0.936279753552982,0.298660382869978,0.473077495034521,0.3990395479919,0.349369390052922,0.437663360484585,0.362375466713429,0.834109966356251,NA,NA,NA,NA,NA,NA,NA,NA,NA,NA,NA,NA,NA,NA,NA,NA,NA,NA,NA,NA,NA,NA,NA,NA,NA,NA,NA,NA,NA,NA,NA,NA,NA,NA,NA,NA,NA,NA,NA,NA,NA,NA,NA,NA,NA,NA,NA,NA,NA,NA,NA,NA,NA,NA,NA
0.710328948119814,0.739578228705868,0.567347333528282,0.91572274567181,0.150032016685759,0.423514207550262,0.254480181846962,0.171710730443166,0.417924073477385,0.333851741147785,0.932693843370277,NA,NA,NA,NA,NA,NA,NA,NA,NA,NA,NA,NA,NA,NA,NA,NA,NA,NA,NA,NA,NA,NA,NA,NA,NA,NA,NA,NA,NA,NA,NA,NA,NA,NA,NA,NA,NA,NA,NA,NA,NA,NA,NA,NA,NA,NA,NA,NA,NA,NA,NA,NA,NA,NA,NA
0.665926527465016,0.487943152034972,0.376219253625881,0.323617501600268,0.797328616183186,0.679555176857535,0.764844825681819,0.881030115873978,0.427282927710963,0.597237659753435,0.418832208524669,NA,NA,NA,NA,NA,NA,NA,NA,NA,NA,NA,NA,NA,NA,NA,NA,NA,NA,NA,NA,NA,NA,NA,NA,NA,NA,NA,NA,NA,NA,NA,NA,NA,NA,NA,NA,NA,NA,NA,NA,NA,NA,NA,NA,NA,NA,NA,NA,NA,NA,NA,NA,NA,NA,NA
0.743457415695677,0.776035619472072,0.280885851277848,0.41086228522825,0.456275781189729,0.57789742411003,0.629879734674203,0.570961267546704,0.855275061809123,0.547479559437118,0.55313106879847,NA,NA,NA,NA,NA,NA,NA,NA,NA,NA,NA,NA,NA,NA,NA,NA,NA,NA,NA,NA,NA,NA,NA,NA,NA,NA,NA,NA,NA,NA,NA,NA,NA,NA,NA,NA,NA,NA,NA,NA,NA,NA,NA,NA,NA,NA,NA,NA,NA,NA,NA,NA,NA,NA,NA
0.758503831386508,0.648165349926887,0.535484260592875,0.554976769853052,0.694623978709156,0.974087348554499,0.877174092036163,0.802168465368025,0.534200036566173,0.93969139871274,0.727019653347411,NA,NA,NA,NA,NA,NA,NA,NA,NA,NA,NA,NA,NA,NA,NA,NA,NA,NA,NA,NA,NA,NA,NA,NA,NA,NA,NA,NA,NA,NA,NA,NA,NA,NA,NA,NA,NA,NA,NA,NA,NA,NA,NA,NA,NA,NA,NA,NA,NA,NA,NA,NA,NA,NA,NA
0.622833778905233,0.476191815260168,0.43225314499973,0.334088629492601,0.924330450689043,0.814182562584155,0.929976715114306,0.96844198645703,0.362384929436509,0.786965763366345,0.445259171275153,NA,NA,NA,NA,NA,NA,NA,NA,NA,NA,NA,NA,NA,NA,NA,NA,NA,NA,NA,NA,NA,NA,NA,NA,NA,NA,NA,NA,NA,NA,NA,NA,NA,NA,NA,NA,NA,NA,NA,NA,NA,NA,NA,NA,NA,NA,NA,NA,NA,NA,NA,NA,NA,NA,NA
0.747572085598756,0.690548836042999,0.819192401831527,0.895237035612967,0.237796431438273,0.41192109568754,0.311554922289997,0.281583609460767,0.332962787275475,0.312077377242168,0.768021507446217,NA,NA,NA,NA,NA,NA,NA,NA,NA,NA,NA,NA,NA,NA,NA,NA,NA,NA,NA,NA,NA,NA,NA,NA,NA,NA,NA,NA,NA,NA,NA,NA,NA,NA,NA,NA,NA,NA,NA,NA,NA,NA,NA,NA,NA,NA,NA,NA,NA,NA,NA,NA,NA,NA,NA
0.843767553153232,0.802513789974371,0.856244913778718,0.97985346706286,0.321053830112431,0.574401879455,0.432076599418565,0.364941123979334,0.448309202472091,0.460174251482148,0.930578617100128,NA,NA,NA,NA,NA,NA,NA,NA,NA,NA,NA,NA,NA,NA,NA,NA,NA,NA,NA,NA,NA,NA,NA,NA,NA,NA,NA,NA,NA,NA,NA,NA,NA,NA,NA,NA,NA,NA,NA,NA,NA,NA,NA,NA,NA,NA,NA,NA,NA,NA,NA,NA,NA,NA,NA
0.450420651742193,0.303943958688039,0.321594179301132,0.207148262177894,0.8226827658521,0.721102833787942,0.916291027964895,0.82731883967279,0.226759334307592,0.822949484428354,0.342416209820538,NA,NA,NA,NA,NA,NA,NA,NA,NA,NA,NA,NA,NA,NA,NA,NA,NA,NA,NA,NA,NA,NA,NA,NA,NA,NA,NA,NA,NA,NA,NA,NA,NA,NA,NA,NA,NA,NA,NA,NA,NA,NA,NA,NA,NA,NA,NA,NA,NA,NA,NA,NA,NA,NA,NA
0.740421934661464,0.59782171703437,0.609954111137748,0.586276823640252,0.658230683043816,0.982407867758343,0.857297271791997,0.76084315174012,0.440000587232105,0.92714510097135,0.727631173047897,NA,NA,NA,NA,NA,NA,NA,NA,NA,NA,NA,NA,NA,NA,NA,NA,NA,NA,NA,NA,NA,NA,NA,NA,NA,NA,NA,NA,NA,NA,NA,NA,NA,NA,NA,NA,NA,NA,NA,NA,NA,NA,NA,NA,NA,NA,NA,NA,NA,NA,NA,NA,NA,NA,NA
0.730548099220084,0.668478273428245,0.702121231678148,0.779928562646158,0.467638837537159,0.77489770875072,0.629574899816994,0.496797114350645,0.452742255126278,0.707906713817189,0.900746756836397,NA,NA,NA,NA,NA,NA,NA,NA,NA,NA,NA,NA,NA,NA,NA,NA,NA,NA,NA,NA,NA,NA,NA,NA,NA,NA,NA,NA,NA,NA,NA,NA,NA,NA,NA,NA,NA,NA,NA,NA,NA,NA,NA,NA,NA,NA,NA,NA,NA,NA,NA,NA,NA,NA,NA
0.887545334463231,0.893192331028906,0.639813077604029,0.948145492280656,0.304875787699895,0.54011170995207,0.4291743692774,0.349078812597714,0.562857545355163,0.479761303617587,0.967935847375035,NA,NA,NA,NA,NA,NA,NA,NA,NA,NA,NA,NA,NA,NA,NA,NA,NA,NA,NA,NA,NA,NA,NA,NA,NA,NA,NA,NA,NA,NA,NA,NA,NA,NA,NA,NA,NA,NA,NA,NA,NA,NA,NA,NA,NA,NA,NA,NA,NA,NA,NA,NA,NA,NA,NA
0.899716683757463,0.829659041054958,0.756874398004934,0.921113204471518,0.379176506137046,0.629289674662722,0.484977875139466,0.466780957531296,0.559214862264676,0.470550970684003,0.935943949458606,NA,NA,NA,NA,NA,NA,NA,NA,NA,NA,NA,NA,NA,NA,NA,NA,NA,NA,NA,NA,NA,NA,NA,NA,NA,NA,NA,NA,NA,NA,NA,NA,NA,NA,NA,NA,NA,NA,NA,NA,NA,NA,NA,NA,NA,NA,NA,NA,NA,NA,NA,NA,NA,NA,NA
0.782000422937984,0.665197207399687,0.767704160657928,0.672970173615804,0.606702631776406,0.871224444395347,0.717140606246816,0.714289542456614,0.460993659816749,0.758067249329366,0.710948735676946,NA,NA,NA,NA,NA,NA,NA,NA,NA,NA,NA,NA,NA,NA,NA,NA,NA,NA,NA,NA,NA,NA,NA,NA,NA,NA,NA,NA,NA,NA,NA,NA,NA,NA,NA,NA,NA,NA,NA,NA,NA,NA,NA,NA,NA,NA,NA,NA,NA,NA,NA,NA,NA,NA,NA
0.769754731663434,0.791069883713088,0.360512255428409,0.440569121573265,0.502124707817764,0.601429685419549,0.625988280941185,0.609635928740483,0.780701371020367,0.549868611169867,0.544640372895659,NA,NA,NA,NA,NA,NA,NA,NA,NA,NA,NA,NA,NA,NA,NA,NA,NA,NA,NA,NA,NA,NA,NA,NA,NA,NA,NA,NA,NA,NA,NA,NA,NA,NA,NA,NA,NA,NA,NA,NA,NA,NA,NA,NA,NA,NA,NA,NA,NA,NA,NA,NA,NA,NA,NA
0.895314758036707,0.886909501390868,0.533052261784128,0.859285660026559,0.271278061662479,0.472600720774068,0.355477089361338,0.344131908370376,0.587466608811752,0.403459569191561,NA,NA,NA,NA,NA,NA,NA,NA,NA,NA,NA,NA,NA,NA,NA,NA,NA,NA,NA,NA,NA,NA,NA,NA,NA,NA,NA,NA,NA,NA,NA,NA,NA,NA,NA,NA,NA,NA,NA,NA,NA,NA,NA,NA,NA,NA,NA,NA,NA,NA,NA,NA,NA,NA,NA,NA
0.665246398624525,0.558324823140423,0.534393550376638,0.493226452859377,0.712824767143191,0.990793841226891,0.911645825594417,0.818439168471239,0.448424336372881,0.966843244242369,NA,NA,NA,NA,NA,NA,NA,NA,NA,NA,NA,NA,NA,NA,NA,NA,NA,NA,NA,NA,NA,NA,NA,NA,NA,NA,NA,NA,NA,NA,NA,NA,NA,NA,NA,NA,NA,NA,NA,NA,NA,NA,NA,NA,NA,NA,NA,NA,NA,NA,NA,NA,NA,NA,NA,NA
0.582944431053642,0.437703068014743,0.353144518827993,0.311437629305987,0.828493358438336,0.841425114961791,0.963513100457073,0.888160934275367,0.351362195631288,0.901617165483015,NA,NA,NA,NA,NA,NA,NA,NA,NA,NA,NA,NA,NA,NA,NA,NA,NA,NA,NA,NA,NA,NA,NA,NA,NA,NA,NA,NA,NA,NA,NA,NA,NA,NA,NA,NA,NA,NA,NA,NA,NA,NA,NA,NA,NA,NA,NA,NA,NA,NA,NA,NA,NA,NA,NA,NA
0.976942655096423,0.934888587435284,0.547199821910467,0.771874945339577,0.528534410603102,0.683544770542757,0.635109331156855,0.621371263616652,0.773223227123752,0.561860007316763,NA,NA,NA,NA,NA,NA,NA,NA,NA,NA,NA,NA,NA,NA,NA,NA,NA,NA,NA,NA,NA,NA,NA,NA,NA,NA,NA,NA,NA,NA,NA,NA,NA,NA,NA,NA,NA,NA,NA,NA,NA,NA,NA,NA,NA,NA,NA,NA,NA,NA,NA,NA,NA,NA,NA,NA
0.784925507848444,0.739622049419507,0.742251005089282,0.816284487264517,0.586016957729123,0.762662256923413,0.657389024018692,0.561675088739394,0.430883420856803,0.714335444514726,NA,NA,NA,NA,NA,NA,NA,NA,NA,NA,NA,NA,NA,NA,NA,NA,NA,NA,NA,NA,NA,NA,NA,NA,NA,NA,NA,NA,NA,NA,NA,NA,NA,NA,NA,NA,NA,NA,NA,NA,NA,NA,NA,NA,NA,NA,NA,NA,NA,NA,NA,NA,NA,NA,NA,NA
0.528546870337035,0.363992453129274,0.353877889786509,0.273598783876972,0.816549986662515,0.796205744120085,0.958346868785876,0.919501775221582,0.310605212414082,0.843686399094995,NA,NA,NA,NA,NA,NA,NA,NA,NA,NA,NA,NA,NA,NA,NA,NA,NA,NA,NA,NA,NA,NA,NA,NA,NA,NA,NA,NA,NA,NA,NA,NA,NA,NA,NA,NA,NA,NA,NA,NA,NA,NA,NA,NA,NA,NA,NA,NA,NA,NA,NA,NA,NA,NA,NA,NA
0.707834916457298,0.567355353763918,0.617165138464119,0.557069475149009,0.710361808060945,0.995647192420721,0.888433707670487,0.818612934999122,0.440589555868208,0.932404980874269,NA,NA,NA,NA,NA,NA,NA,NA,NA,NA,NA,NA,NA,NA,NA,NA,NA,NA,NA,NA,NA,NA,NA,NA,NA,NA,NA,NA,NA,NA,NA,NA,NA,NA,NA,NA,NA,NA,NA,NA,NA,NA,NA,NA,NA,NA,NA,NA,NA,NA,NA,NA,NA,NA,NA,NA
0.618402168623559,0.564223548007005,0.870335550028463,0.881779174660077,0.199921992617671,0.435639906996311,0.280801620941333,0.21100718764171,0.251526804409012,0.369882205158497,NA,NA,NA,NA,NA,NA,NA,NA,NA,NA,NA,NA,NA,NA,NA,NA,NA,NA,NA,NA,NA,NA,NA,NA,NA,NA,NA,NA,NA,NA,NA,NA,NA,NA,NA,NA,NA,NA,NA,NA,NA,NA,NA,NA,NA,NA,NA,NA,NA,NA,NA,NA,NA,NA,NA,NA
0.842886690312527,0.755138232885007,0.688399267749595,0.723928943268801,0.605728219273622,0.916795056147753,0.753117559738986,0.71562094670294,0.560900578858688,0.814880709341048,NA,NA,NA,NA,NA,NA,NA,NA,NA,NA,NA,NA,NA,NA,NA,NA,NA,NA,NA,NA,NA,NA,NA,NA,NA,NA,NA,NA,NA,NA,NA,NA,NA,NA,NA,NA,NA,NA,NA,NA,NA,NA,NA,NA,NA,NA,NA,NA,NA,NA,NA,NA,NA,NA,NA,NA
0.820786615871772,0.688266628641279,0.760030644762212,0.703799523157194,0.601501680421848,0.920162510422166,0.753131808732926,0.733911662989706,0.501445711951491,0.785351218519589,NA,NA,NA,NA,NA,NA,NA,NA,NA,NA,NA,NA,NA,NA,NA,NA,NA,NA,NA,NA,NA,NA,NA,NA,NA,NA,NA,NA,NA,NA,NA,NA,NA,NA,NA,NA,NA,NA,NA,NA,NA,NA,NA,NA,NA,NA,NA,NA,NA,NA,NA,NA,NA,NA,NA,NA
0.630029781982357,0.539088335015906,0.547985099867581,0.603203062927579,0.6310099167955,0.929332153110807,0.851527282893817,0.692253871678126,0.447812454904989,0.950763692854418,NA,NA,NA,NA,NA,NA,NA,NA,NA,NA,NA,NA,NA,NA,NA,NA,NA,NA,NA,NA,NA,NA,NA,NA,NA,NA,NA,NA,NA,NA,NA,NA,NA,NA,NA,NA,NA,NA,NA,NA,NA,NA,NA,NA,NA,NA,NA,NA,NA,NA,NA,NA,NA,NA,NA,NA
0.772346122023734,0.641509670219068,0.764546793277614,0.652393239378513,0.610307972635674,0.875093963581902,0.721773122013693,0.709861509504534,0.436214444270885,0.760066345045337,NA,NA,NA,NA,NA,NA,NA,NA,NA,NA,NA,NA,NA,NA,NA,NA,NA,NA,NA,NA,NA,NA,NA,NA,NA,NA,NA,NA,NA,NA,NA,NA,NA,NA,NA,NA,NA,NA,NA,NA,NA,NA,NA,NA,NA,NA,NA,NA,NA,NA,NA,NA,NA,NA,NA,NA
0.689707525245595,0.543252408157272,0.653751590190548,0.554230209465833,0.687560840917363,0.986568687553966,0.875488578894937,0.792517358849627,0.42314148963594,0.922869829456856,NA,NA,NA,NA,NA,NA,NA,NA,NA,NA,NA,NA,NA,NA,NA,NA,NA,NA,NA,NA,NA,NA,NA,NA,NA,NA,NA,NA,NA,NA,NA,NA,NA,NA,NA,NA,NA,NA,NA,NA,NA,NA,NA,NA,NA,NA,NA,NA,NA,NA,NA,NA,NA,NA,NA,NA
0.824829065809404,0.703243745868653,0.615716478060205,0.679103901138775,0.570689072855623,0.933623249952196,0.758547428050343,0.704716630239375,0.596580422978316,0.814497034435317,NA,NA,NA,NA,NA,NA,NA,NA,NA,NA,NA,NA,NA,NA,NA,NA,NA,NA,NA,NA,NA,NA,NA,NA,NA,NA,NA,NA,NA,NA,NA,NA,NA,NA,NA,NA,NA,NA,NA,NA,NA,NA,NA,NA,NA,NA,NA,NA,NA,NA,NA,NA,NA,NA,NA,NA
0.843383183727318,0.836905962202161,0.705686755584743,0.94024400438414,0.264392136227882,0.591121117599847,0.419802949938425,0.320212846278797,0.542143995105691,0.47986774848485,NA,NA,NA,NA,NA,NA,NA,NA,NA,NA,NA,NA,NA,NA,NA,NA,NA,NA,NA,NA,NA,NA,NA,NA,NA,NA,NA,NA,NA,NA,NA,NA,NA,NA,NA,NA,NA,NA,NA,NA,NA,NA,NA,NA,NA,NA,NA,NA,NA,NA,NA,NA,NA,NA,NA,NA
